<?xml version="1.0" encoding="UTF-8"?>
   <manifest>
     <remote name="bucket" fetch="https://bitbucket.org" revision="master" />

     <!-- Device Folders, Kernel & Proprietary BLOBS -->
     <project path="vendor/huawei" name="CM13-Y300/proprietary_vendor_huawei" remote="github" revision="cm-13.0"/>
     <project path="kernel/huawei/huawei-kernel-3.4" name="SlimLP-Y300/chil360-kernel" remote="github" revision="mm6.0"/>
     <project path="device/huawei/msm7x27a-common" name="CM13-Y300/android_device_huawei_msm7x27a-common" remote="github" revision="cm-13.0"/>
     <project path="device/huawei/u8833" name="CM13-Y300/android_device_huawei_u8833" remote="github" revision="cm-13.0"/>
     <project path="device/huawei/u8951" name="CM13-Y300/android_device_huawei_u8951" remote="github" revision="cm-13.0"/>
     <project path="device/huawei/u8825" name="CM13-Y300/android_device_huawei_u8825" remote="github" revision="cm-13.0"/>

     <!-- WIFI -->
     <project path="hardware/atheros/wifi/ath6kl-huawei" name="SlimLP-Y300/android_hardware_atheros_wifi_ath6kl-huawei" remote="github" revision="master" />
     <project path="hardware/atheros/wlan" name="CM13-Y300/android_hardware_atheros_wlan" remote="github" revision="cm-13.0" />

     <!-- GPS -->
     <remove-project name="CyanogenMod/android_hardware_qcom_gps" />
     <project path="hardware/qcom/gps" name="CM13-Y300/android_hardware_qcom_gps" remote="github" revision="cm-13.0" />

     <!-- QCOM Hardware -->
     <project path="hardware/qcom/display-caf/msm7x27a" name="CM13-Y300/android_hardware_qcom_display-caf" remote="github" revision="cm-13.0" />
     <project path="hardware/qcom/media-caf/msm7x27a" name="SlimLP-Y300/hardware_qcom_media" remote="github" revision="lp5.1" />

     <!-- Stlport -->
     <project path="external/stlport" name="LineageOS/android_external_stlport" remote="github" revision="cm-13.0" />

     <!-- OTAUpdater -->

</manifest>

 
