<?xml version="1.0" encoding="UTF-8"?>
<manifest>
  <project path="hardware/qcom/audio/default" name="CyanogenMod/android_hardware_qcom_audio" groups="qcom,qcom_audio" />
  <project path="hardware/qcom/audio-caf/apq8084" name="CyanogenMod/android_hardware_qcom_audio" groups="qcom,qcom_audio" revision="cm-13.0-caf-8084" />
  <project path="hardware/qcom/audio-caf/msm8916" name="CyanogenMod/android_hardware_qcom_audio" groups="qcom,qcom_audio" revision="cm-13.0-caf-8916" />
  <project path="hardware/qcom/audio-caf/msm8937" name="CyanogenMod/android_hardware_qcom_audio" groups="qcom,qcom_audio" revision="cm-13.0-caf-8937" />
  <project path="hardware/qcom/audio-caf/msm8952" name="CyanogenMod/android_hardware_qcom_audio" groups="qcom,qcom_audio" revision="cm-13.0-caf-8952" />
  <project path="hardware/qcom/audio-caf/msm8960" name="CyanogenMod/android_hardware_qcom_audio" groups="qcom,qcom_audio" revision="cm-13.0-caf-8960" />
  <project path="hardware/qcom/audio-caf/msm8974" name="CyanogenMod/android_hardware_qcom_audio" groups="qcom,qcom_audio" revision="cm-13.0-caf-8974" />
  <project path="hardware/qcom/audio-caf/msm8994" name="CyanogenMod/android_hardware_qcom_audio" groups="qcom,qcom_audio" revision="cm-13.0-caf-8994" />
  <project path="hardware/qcom/audio-caf/msm8996" name="CyanogenMod/android_hardware_qcom_audio" groups="qcom,qcom_audio" revision="cm-13.0-caf-8996" />
  <project path="hardware/qcom/bt" name="CyanogenMod/android_hardware_qcom_bt" groups="qcom" />
  <project path="hardware/qcom/bt-caf" name="CyanogenMod/android_hardware_qcom_bt" groups="qcom" revision="cm-13.0-caf" />
  <project path="hardware/qcom/camera" name="CyanogenMod/android_hardware_qcom_camera" groups="qcom" />
  <project path="hardware/qcom/display" name="CyanogenMod/android_hardware_qcom_display" groups="pdk,qcom,qcom_display" />
  <project path="hardware/qcom/display-caf/apq8084" name="CyanogenMod/android_hardware_qcom_display" groups="pdk,qcom,qcom_display" revision="cm-13.0-caf-8084" />
  <project path="hardware/qcom/display-caf/msm8916" name="CyanogenMod/android_hardware_qcom_display" groups="pdk,qcom,qcom_display" revision="cm-13.0-caf-8916" />
  <project path="hardware/qcom/display-caf/msm8937" name="CyanogenMod/android_hardware_qcom_display" groups="pdk,qcom,qcom_display" revision="cm-13.0-caf-8937" />
  <project path="hardware/qcom/display-caf/msm8952" name="CyanogenMod/android_hardware_qcom_display" groups="pdk,qcom,qcom_display" revision="cm-13.0-caf-8952" />
  <project path="hardware/qcom/display-caf/msm8960" name="CyanogenMod/android_hardware_qcom_display" groups="pdk,qcom,qcom_display" revision="cm-13.0-caf-8960" />
  <project path="hardware/qcom/display-caf/msm8974" name="CyanogenMod/android_hardware_qcom_display" groups="pdk,qcom,qcom_display" revision="cm-13.0-caf-8974" />
  <project path="hardware/qcom/display-caf/msm8994" name="CyanogenMod/android_hardware_qcom_display" groups="pdk,qcom,qcom_display" revision="cm-13.0-caf-8994" />
  <project path="hardware/qcom/display-caf/msm8996" name="CyanogenMod/android_hardware_qcom_display" groups="pdk,qcom,qcom_display" revision="cm-13.0-caf-8996" />
  <project path="hardware/qcom/fm" name="CyanogenMod/android_hardware_qcom_fm" groups="qcom,qcom_fm" />
  <project path="hardware/qcom/gps" name="CyanogenMod/android_hardware_qcom_gps" groups="qcom,qcom_gps" />
  <project path="hardware/qcom/keymaster" name="CyanogenMod/android_hardware_qcom_keymaster" groups="qcom,qcom_keymaster" />
  <project path="hardware/qcom/media/default" name="CyanogenMod/android_hardware_qcom_media" groups="qcom" />
  <project path="hardware/qcom/media-caf/apq8084" name="CyanogenMod/android_hardware_qcom_media" groups="qcom" revision="cm-13.0-caf-8084" />
  <project path="hardware/qcom/media-caf/msm8916" name="CyanogenMod/android_hardware_qcom_media" groups="qcom" revision="cm-13.0-caf-8916" />
  <project path="hardware/qcom/media-caf/msm8937" name="CyanogenMod/android_hardware_qcom_media" groups="qcom" revision="cm-13.0-caf-8937" />
  <project path="hardware/qcom/media-caf/msm8952" name="CyanogenMod/android_hardware_qcom_media" groups="qcom" revision="cm-13.0-caf-8952" />
  <project path="hardware/qcom/media-caf/msm8960" name="CyanogenMod/android_hardware_qcom_media" groups="qcom" revision="cm-13.0-caf-8960" />
  <project path="hardware/qcom/media-caf/msm8974" name="CyanogenMod/android_hardware_qcom_media" groups="qcom" revision="cm-13.0-caf-8974" />
  <project path="hardware/qcom/media-caf/msm8994" name="CyanogenMod/android_hardware_qcom_media" groups="qcom" revision="cm-13.0-caf-8994" />
  <project path="hardware/qcom/media-caf/msm8996" name="CyanogenMod/android_hardware_qcom_media" groups="qcom" revision="cm-13.0-caf-8996" />
  <project path="hardware/qcom/wlan" name="CyanogenMod/android_hardware_qcom_wlan" groups="qcom_wlan" />
  <project path="hardware/qcom/wlan-caf" name="CyanogenMod/android_hardware_qcom_wlan" groups="qcom_wlan" revision="cm-13.0-caf" />
  <project path="hardware/ril" name="CyanogenMod/android_hardware_ril" groups="pdk" />
  <project path="hardware/ril-caf" name="CyanogenMod/android_hardware_ril" groups="pdk" revision="cm-13.0-caf" />
  <project path="vendor/qcom/opensource/dataservices" name="CyanogenMod/android_vendor_qcom_opensource_dataservices" />
  <project path="vendor/qcom/opensource/dpm" name="CyanogenMod/android_vendor_qcom_opensource_dpm" />
  <project path="vendor/qcom/opensource/time-services" name="CyanogenMod/android_vendor_qcom_opensource_time-services" />
</manifest>
